variant,num_leaves,learning_rate,feature_fraction,n_train_matches,n_train_rows,n_eval_rows,n_features,seed,learner,score_auc,score_ap,score_logloss,concede_auc,concede_ap,concede_logloss
E-VAEP,31,0.03,0.6,295,459240,51172,206,42,lightgbm,0.8287740518451187,0.3004945146687628,0.062137253346510574,0.8623096596718575,0.19313467567159776,0.01744923429493684
E-VAEP,31,0.03,0.8,295,459240,51172,206,42,lightgbm,0.8282063201939425,0.3028711130920592,0.06208386359404316,0.8610792231475802,0.17260494632015913,0.017632747414213883
E-VAEP,31,0.05,0.6,295,459240,51172,206,42,lightgbm,0.8276046070451812,0.2911134014267899,0.06254164645988408,0.8572968157790793,0.16139991345924715,0.017960739502951743
E-VAEP,31,0.05,0.8,295,459240,51172,206,42,lightgbm,0.8236363313740497,0.29294467684181347,0.06266457646764105,0.8637321523114805,0.16983915765722432,0.017999686322428446
E-VAEP,31,0.1,0.6,295,459240,51172,206,42,lightgbm,0.8210541750876001,0.27585032251467195,0.06356818297189279,0.830194437207791,0.11190881446137119,0.019986769665267756
E-VAEP,31,0.1,0.8,295,459240,51172,206,42,lightgbm,0.8216922153809543,0.279151121700532,0.0634442759735145,0.8202955355917294,0.10080138779511794,0.020857410801441448
E-VAEP,63,0.03,0.6,295,459240,51172,206,42,lightgbm,0.8270279303359854,0.2964313638570509,0.062475529627221506,0.8590120987509069,0.2044640129414496,0.017586479627726744
E-VAEP,63,0.03,0.8,295,459240,51172,206,42,lightgbm,0.8259557873492329,0.296447205799963,0.06246358716245469,0.8613769437417886,0.1838546057619733,0.01774071534072549
E-VAEP,63,0.05,0.6,295,459240,51172,206,42,lightgbm,0.8262748804175786,0.28589122092327296,0.06284175545948992,0.8552152367506212,0.1629298872683837,0.018029715133002937
E-VAEP,63,0.05,0.8,295,459240,51172,206,42,lightgbm,0.8267250258780771,0.28775685977866305,0.062757115904111,0.8468467332812293,0.17710461468547958,0.01826521322038257
E-VAEP,63,0.1,0.6,295,459240,51172,206,42,lightgbm,0.8223342663660835,0.27369780382877007,0.06361932910681752,0.8408333263301203,0.1257373510466244,0.019215736464838856
E-VAEP,63,0.1,0.8,295,459240,51172,206,42,lightgbm,0.8251159484915362,0.27577617604332855,0.0634247908579293,0.8187671543704251,0.12748256953466933,0.020480605035165765
E-VAEP,127,0.03,0.6,295,459240,51172,206,42,lightgbm,0.8239687448005332,0.29311397495239194,0.06286281913311083,0.8449246594337483,0.1983685829382521,0.01783393793374754
E-VAEP,127,0.03,0.8,295,459240,51172,206,42,lightgbm,0.8230241904266733,0.2903546350382621,0.06302413130760674,0.8498022012499333,0.15809735458377025,0.018023088869243226
E-VAEP,127,0.05,0.6,295,459240,51172,206,42,lightgbm,0.8187811702153389,0.28294075554065123,0.06341480680949878,0.8496220225839617,0.15968480730368528,0.01814895924512857
E-VAEP,127,0.05,0.8,295,459240,51172,206,42,lightgbm,0.8197809262923573,0.28486219863000817,0.06335008106981874,0.8442170547847351,0.15957836581551976,0.018471867016765408
E-VAEP,127,0.1,0.6,295,459240,51172,206,42,lightgbm,0.8111380799748955,0.2705335090239123,0.06424874652820069,0.8280878146893794,0.12596681793847786,0.01985187946405613
E-VAEP,127,0.1,0.8,295,459240,51172,206,42,lightgbm,0.8152316593799689,0.2720963019293061,0.06418154579241996,0.7959826208264351,0.1234357826679218,0.020778427741461665
P-VAEP,31,0.03,0.6,295,459240,51172,254,42,lightgbm,0.828850534521908,0.3028637439246044,0.06204305923814137,0.8576702271001935,0.16747304223571427,0.017588103736510777
P-VAEP,31,0.03,0.8,295,459240,51172,254,42,lightgbm,0.8262463558915301,0.3000005102972232,0.062224044370547765,0.8605510128046747,0.17801591948342216,0.017548257579171642
P-VAEP,31,0.05,0.6,295,459240,51172,254,42,lightgbm,0.8259841174174986,0.3003007875483045,0.062309871391537056,0.8545336280285394,0.15070219970344728,0.01818181766917756
P-VAEP,31,0.05,0.8,295,459240,51172,254,42,lightgbm,0.8224190742667088,0.29166198888606226,0.06266250001136738,0.8605080971149563,0.1613360548140021,0.018083962836888873
P-VAEP,31,0.1,0.6,295,459240,51172,254,42,lightgbm,0.8220176040200258,0.2887197426783434,0.06312259533175169,0.8461518464671591,0.13231898147776874,0.019877017587746754
P-VAEP,31,0.1,0.8,295,459240,51172,254,42,lightgbm,0.8223001997932184,0.28318026997615525,0.06326907160200627,0.836458559186955,0.14955741432712472,0.019463746147902673
P-VAEP,63,0.03,0.6,295,459240,51172,254,42,lightgbm,0.8286511423726305,0.3032721233588783,0.06212339091268328,0.8652153207891781,0.1875200240546845,0.01745628202740598
P-VAEP,63,0.03,0.8,295,459240,51172,254,42,lightgbm,0.8250999664924933,0.30071286315926155,0.0622671613406539,0.8629101431736881,0.18589626237907583,0.017628605123119666
P-VAEP,63,0.05,0.6,295,459240,51172,254,42,lightgbm,0.825116021413205,0.29591793541823624,0.062438240355499317,0.8583238229699788,0.17444426799420468,0.018016830451872648
P-VAEP,63,0.05,0.8,295,459240,51172,254,42,lightgbm,0.8222429319761152,0.28910470552749734,0.06282538066617492,0.8473530375736388,0.16287225924186935,0.018281980536072176
P-VAEP,63,0.1,0.6,295,459240,51172,254,42,lightgbm,0.8179684825255982,0.28570162461811605,0.06341861082002268,0.8341799937811467,0.1399092347028086,0.019588472039296347
P-VAEP,63,0.1,0.8,295,459240,51172,254,42,lightgbm,0.8211778380839977,0.2791842444009621,0.06354067572205593,0.8306655573577157,0.1306269167355584,0.019656829976518426
P-VAEP,127,0.03,0.6,295,459240,51172,254,42,lightgbm,0.8235408404489689,0.29263577530193496,0.06283707576478526,0.8578483888408002,0.18387582301347716,0.01780551562766606
P-VAEP,127,0.03,0.8,295,459240,51172,254,42,lightgbm,0.8215481343173384,0.29314245576252396,0.06285826172254726,0.8534965922365182,0.1949756272185934,0.017706003881794875
P-VAEP,127,0.05,0.6,295,459240,51172,254,42,lightgbm,0.8213462628313272,0.2900633240460299,0.0630257249274288,0.8358859764860118,0.16243295820699558,0.01843626182357077
P-VAEP,127,0.05,0.8,295,459240,51172,254,42,lightgbm,0.8202280090427732,0.2890772295827201,0.06306350636911229,0.8424052395238936,0.16864347619288522,0.018463007964736593
P-VAEP,127,0.1,0.6,295,459240,51172,254,42,lightgbm,0.8144113270686328,0.27674266519569185,0.06413248612952333,0.8123955190641466,0.14262827192898053,0.0199060511324796
P-VAEP,127,0.1,0.8,295,459240,51172,254,42,lightgbm,0.816973429896207,0.2772015697520868,0.06392454468517907,0.8198766874241901,0.14438665166170758,0.01982034276698231
PS-VAEP,31,0.03,0.6,295,459240,51172,271,42,lightgbm,0.8274847359755528,0.3065168258378213,0.06187807351023225,0.8617891248504814,0.18472593511893284,0.017392307479994634
PS-VAEP,31,0.03,0.8,295,459240,51172,271,42,lightgbm,0.8282072074075775,0.3027440659100154,0.06195875175259519,0.8629939576277597,0.1643264128170727,0.017734722526066903
PS-VAEP,31,0.05,0.6,295,459240,51172,271,42,lightgbm,0.825597814877892,0.2959709113756926,0.06240194394943351,0.86182996758913,0.15057542826399598,0.018138418493790866
PS-VAEP,31,0.05,0.8,295,459240,51172,271,42,lightgbm,0.8253527980712705,0.29695836277043053,0.062405050257238304,0.8566775636662101,0.15213248238422158,0.018430927361485005
PS-VAEP,31,0.1,0.6,295,459240,51172,271,42,lightgbm,0.8232686967816143,0.2850217477632852,0.06308151666359564,0.8448331134324427,0.1237440012812095,0.01938871663141166
PS-VAEP,31,0.1,0.8,295,459240,51172,271,42,lightgbm,0.8240474272809928,0.2835848831678199,0.06319667600553848,0.8270804725207925,0.10731303196579933,0.02042414611893788
PS-VAEP,63,0.03,0.6,295,459240,51172,271,42,lightgbm,0.8271843959296584,0.3014982468313487,0.0622295867911175,0.863533317085879,0.18769241136549827,0.01743261180229662
PS-VAEP,63,0.03,0.8,295,459240,51172,271,42,lightgbm,0.8275115468423884,0.2977784668311837,0.06225380493773535,0.8611576591340107,0.17153613376942708,0.01769847701656762
PS-VAEP,63,0.05,0.6,295,459240,51172,271,42,lightgbm,0.8259428559066613,0.2921993634322475,0.06261527580699,0.8638072267556355,0.16286508893839835,0.018231018422082468
PS-VAEP,63,0.05,0.8,295,459240,51172,271,42,lightgbm,0.8230742511521928,0.2949903974867253,0.06264452025271809,0.8531233489925177,0.15859739798701245,0.018339990468248676
PS-VAEP,63,0.1,0.6,295,459240,51172,271,42,lightgbm,0.822700965130438,0.2853730474450164,0.0631670467922198,0.8232954319441761,0.11849183818820462,0.0198708556977806
PS-VAEP,63,0.1,0.8,295,459240,51172,271,42,lightgbm,0.8238307770034712,0.27983721205149026,0.06340550620418338,0.8326349729255782,0.11268362018993344,0.020747081219528764
PS-VAEP,127,0.03,0.6,295,459240,51172,271,42,lightgbm,0.8206581010443963,0.29261816731641116,0.06297962883867085,0.8517124536737455,0.18682122626156883,0.01783444135796762
PS-VAEP,127,0.03,0.8,295,459240,51172,271,42,lightgbm,0.8228246038196128,0.29028161068520997,0.06298018365932807,0.8469898229307606,0.17375867802912612,0.018021255717959195
PS-VAEP,127,0.05,0.6,295,459240,51172,271,42,lightgbm,0.8187332485254327,0.285543156517797,0.06337751718101833,0.8495639239282984,0.1657040168972817,0.018464609461162445
PS-VAEP,127,0.05,0.8,295,459240,51172,271,42,lightgbm,0.8208075904651029,0.29035872318017486,0.06306976626544458,0.8445518083696798,0.15846544931454265,0.018429041120919695
PS-VAEP,127,0.1,0.6,295,459240,51172,271,42,lightgbm,0.8112375451309168,0.2756104536831836,0.06427258405073906,0.8294988220595609,0.12942293845075487,0.019680873121931116
PS-VAEP,127,0.1,0.8,295,459240,51172,271,42,lightgbm,0.8188565104526528,0.27579163751196084,0.063855064926245,0.7969823434991974,0.10127126317776668,0.020559931462623707
ES-VAEP,31,0.03,0.6,295,459240,51172,223,42,lightgbm,0.82725423058099,0.30135362753925277,0.06215352540451628,0.8551923222374426,0.1675025018158966,0.017738911925834624
ES-VAEP,31,0.03,0.8,295,459240,51172,223,42,lightgbm,0.8278083866481883,0.3015302584011689,0.0621458066610713,0.8604566655181398,0.17748404110600668,0.017640845106170245
ES-VAEP,31,0.05,0.6,295,459240,51172,223,42,lightgbm,0.8305574606341487,0.30219234867076106,0.061956896163466266,0.8537939206507947,0.14819329074361368,0.018516619782504014
ES-VAEP,31,0.05,0.8,295,459240,51172,223,42,lightgbm,0.828398250025796,0.30076646568082815,0.06205558811667885,0.8517556494919869,0.15652994509417095,0.01818261768062866
ES-VAEP,31,0.1,0.6,295,459240,51172,223,42,lightgbm,0.8216584404947638,0.2893240297109224,0.06305444986080484,0.8204169993192878,0.12707240931620795,0.020782915314234648
ES-VAEP,31,0.1,0.8,295,459240,51172,223,42,lightgbm,0.8232898683727421,0.2882682624168183,0.0630123403800215,0.8382161415657503,0.11550441315629971,0.019804206033941823
ES-VAEP,63,0.03,0.6,295,459240,51172,223,42,lightgbm,0.8264627387895999,0.298452070719813,0.062318293119719356,0.8518223200804529,0.17736058018540227,0.018000578029851593
ES-VAEP,63,0.03,0.8,295,459240,51172,223,42,lightgbm,0.8282004135387828,0.30221182377295785,0.06216047175956989,0.8550618383714448,0.18114868240867057,0.017812903382739064
ES-VAEP,63,0.05,0.6,295,459240,51172,223,42,lightgbm,0.8272170040691507,0.29537652007962856,0.062462002155671464,0.8549810493054213,0.151258723077928,0.01843387614350002
ES-VAEP,63,0.05,0.8,295,459240,51172,223,42,lightgbm,0.8287151311368597,0.29668776974127387,0.062328266902639304,0.8469196227229052,0.16285937281344368,0.018209435380912426
ES-VAEP,63,0.1,0.6,295,459240,51172,223,42,lightgbm,0.8231189764422904,0.28133294106918605,0.06346709488282999,0.817065597696223,0.12093000879284287,0.020934196860545998
ES-VAEP,63,0.1,0.8,295,459240,51172,223,42,lightgbm,0.8210183827019106,0.28267944307626736,0.06343353963816689,0.8248682975749273,0.10868120978976006,0.020398344854784527
ES-VAEP,127,0.03,0.6,295,459240,51172,223,42,lightgbm,0.8255394775429822,0.29502672333499336,0.06280827141556664,0.8500361645923149,0.17927700457871318,0.01808405092620016
ES-VAEP,127,0.03,0.8,295,459240,51172,223,42,lightgbm,0.8231816526164841,0.29728300503715444,0.06282041170469545,0.84549881085442,0.1639734542363203,0.01808135359981852
ES-VAEP,127,0.05,0.6,295,459240,51172,223,42,lightgbm,0.8209442092112951,0.2920334981695456,0.0629040616530407,0.8384306079629334,0.1421908976396124,0.01885057569832126
ES-VAEP,127,0.05,0.8,295,459240,51172,223,42,lightgbm,0.8227620005670875,0.29374135991978145,0.06280905667684542,0.8517616442423784,0.161259897535386,0.018247132826320397
ES-VAEP,127,0.1,0.6,295,459240,51172,223,42,lightgbm,0.8138993561867411,0.27760907453555966,0.063948061683446,0.8170728250121155,0.1166470705387771,0.021124593489193114
ES-VAEP,127,0.1,0.8,295,459240,51172,223,42,lightgbm,0.8157384042089415,0.27184616324312516,0.06434668318967984,0.8282009305869533,0.11617254552083855,0.020103510231617272
