source,frac,n_train_matches,n_train_rows,n_eval_rows,n_features,seed,learner,score_auc,score_ap,score_logloss,concede_auc,concede_ap,concede_logloss
men,0.1,20,32761,51172,271,42,lightgbm,0.7784951325393865,0.24349043612930374,0.07068539133461006,0.7824652990792176,0.13231865702674012,0.018944467081995525
men,0.1,20,31603,51172,271,43,lightgbm,0.7240960903411968,0.22821916850494978,0.0716590847036734,0.5845105734510996,0.00933117009006674,0.022586844436518733
men,0.1,20,30784,51172,271,44,lightgbm,0.7690181838688275,0.2406218384869975,0.0720670681671933,0.6938452962219066,0.01642112314389121,0.0221132688623057
men,0.1,20,31215,51172,271,45,lightgbm,0.7818410217686981,0.2504553471080034,0.07283364931059337,0.790028993302127,0.14142439014078417,0.018828020134116226
men,0.25,50,77634,51172,271,42,lightgbm,0.7845604166355231,0.25571052832042335,0.06769974585292507,0.7961843693886757,0.10381198361130853,0.020188405545394472
men,0.25,50,76927,51172,271,43,lightgbm,0.7900002880405911,0.26197139978362255,0.0659137592866278,0.697255412783385,0.12975174850036408,0.01957118868672978
men,0.25,50,80271,51172,271,44,lightgbm,0.8065166692250019,0.26815926563107084,0.06591660598573601,0.8090469747520164,0.05083356433423171,0.021423500881195427
men,0.25,50,80412,51172,271,45,lightgbm,0.7861024790085862,0.24609218330420904,0.06701934081813339,0.7511145473543261,0.14190135364577922,0.019684644540184922
men,0.5,100,161105,51172,271,42,lightgbm,0.7955817368653186,0.2745192325836675,0.06522731558722197,0.7874887878558683,0.13611409439978456,0.01973498258652703
men,0.5,100,158718,51172,271,43,lightgbm,0.8130187784234992,0.27233107183903227,0.0644626470361322,0.8074623437233002,0.1272369067266991,0.01927312430135856
men,0.5,100,163831,51172,271,44,lightgbm,0.8139622025114952,0.28421725177575635,0.06399338853175031,0.8176091590821868,0.13231351386488394,0.01892086856980839
men,0.5,100,163339,51172,271,45,lightgbm,0.8123913117720974,0.27103205929241664,0.06419607634911022,0.8279093167945454,0.10689932105051538,0.019633411136559732
men,0.75,150,235557,51172,271,42,lightgbm,0.8119737866047027,0.27975798352311354,0.06371571464331088,0.8425244061975634,0.1906324395555843,0.018032941204106274
men,0.75,150,242724,51172,271,43,lightgbm,0.8158315373334029,0.2745365577627375,0.06443882582755452,0.8341603847845392,0.17449733090772135,0.01827527920058687
men,0.75,150,241353,51172,271,44,lightgbm,0.8201486945745184,0.28417190692404204,0.0637106419352534,0.8475945643861403,0.17425060650277194,0.01807348174215187
men,0.75,150,239427,51172,271,45,lightgbm,0.8161638535309947,0.28253086650668485,0.06365778730240511,0.8447449849991175,0.12709978081862985,0.01919055143603232
men,1.0,200,321026,51172,271,42,lightgbm,0.8149226295018952,0.28232791821226455,0.06361619836510932,0.8350525381044822,0.14192365346816427,0.018552203692048613
men,1.0,200,320038,51172,271,43,lightgbm,0.8155781831493338,0.2779183838666069,0.0640662639982564,0.8597823401376551,0.1628297605344622,0.018178616855091825
men,1.0,200,323156,51172,271,44,lightgbm,0.8175600239523374,0.27934485257209696,0.06378023057363642,0.835073939923637,0.14898121212596432,0.018867065975418706
men,1.0,200,321733,51172,271,45,lightgbm,0.8205765746188597,0.2876791691413728,0.06292693546290422,0.8453981886889705,0.1454638049451626,0.019201372140489007
women,0.1,10,13146,51172,271,42,lightgbm,0.7371949002960254,0.1799879414685659,0.07381345694211286,0.7174344709352651,0.010560174217829524,0.022760449640699707
women,0.1,10,13633,51172,271,43,lightgbm,0.7494992529782729,0.23242903240004748,0.06956025362577681,0.7098052266379815,0.009719986177775872,0.026549524154474324
women,0.1,10,11491,51172,271,44,lightgbm,0.7728454411864258,0.1813470966409584,0.07046869366672608,0.7072503984828239,0.017988714921933914,0.02176323241488466
women,0.1,10,11850,51172,271,45,lightgbm,0.7738484787385328,0.23162878068110468,0.0694907107779527,0.8114837007218914,0.12498808738810714,0.022075244446813053
women,0.25,24,31768,51172,271,42,lightgbm,0.7866419292059426,0.25089726547214014,0.06635015850303774,0.7120509049551935,0.013507712010326252,0.021747247437003573
women,0.25,24,32979,51172,271,43,lightgbm,0.7733679614030469,0.25514365209109385,0.0671480811119028,0.7559659251664664,0.03422511100542988,0.023021199943268
women,0.25,24,32924,51172,271,44,lightgbm,0.7629256270686207,0.2453415810700377,0.06856091091578073,0.7374304931102389,0.12618471933920186,0.01996891346295702
women,0.25,24,34916,51172,271,45,lightgbm,0.7606301380151963,0.24786384105491788,0.06847010834783017,0.6208082268144625,0.018304886572909903,0.022017277141190013
women,0.5,48,68302,51172,271,42,lightgbm,0.7959108566631021,0.26512616735549077,0.06603201712372993,0.7616546631594575,0.1582922472478746,0.019763578988761944
women,0.5,48,66537,51172,271,43,lightgbm,0.7891482955714548,0.25137482319246224,0.06693275815486585,0.6868902652536985,0.03995884601196548,0.021497166319045063
women,0.5,48,68799,51172,271,44,lightgbm,0.7891539713079971,0.2673315119033806,0.06598731597026707,0.7949805450740799,0.13647644215521915,0.019086289212963563
women,0.5,48,67964,51172,271,45,lightgbm,0.7774411713553476,0.2576572257249983,0.06675933770703825,0.8110847977051872,0.1700421047778111,0.01874591245455877
women,0.75,71,98545,51172,271,42,lightgbm,0.8027840763869063,0.27481219695674153,0.06466332935109154,0.8232434961160179,0.1583806639197183,0.019257328307447072
women,0.75,71,98578,51172,271,43,lightgbm,0.8001512395407538,0.2744535584780576,0.06518393333630841,0.796508422064043,0.15353268560740893,0.018996329350121202
women,0.75,71,100535,51172,271,44,lightgbm,0.7997979948242631,0.2659573704822802,0.06540780203595141,0.7845850316125039,0.12791258036459316,0.0197191377276378
women,0.75,71,101746,51172,271,45,lightgbm,0.7936491911103138,0.27111198278399334,0.06573329584883061,0.782165785662462,0.13983823530417105,0.01916397581286899
women,1.0,95,134571,51172,271,42,lightgbm,0.811155702711483,0.27727058158244317,0.06467026269119364,0.828463635115791,0.14252880050828645,0.0188381552547804
women,1.0,95,133568,51172,271,43,lightgbm,0.8156955991894513,0.2763224602242542,0.06398267560108208,0.8121877757515147,0.12058078175409227,0.01929049612620626
women,1.0,95,135039,51172,271,44,lightgbm,0.8074313986363891,0.276257446942473,0.06481134040859357,0.8127982878544675,0.16759413088935027,0.018509657860303785
women,1.0,95,134810,51172,271,45,lightgbm,0.8073249086929556,0.28135969283936596,0.06415723483196768,0.8332617885085677,0.1593995643123911,0.01869026105245877
pooled,0.1,30,43533,51172,271,42,lightgbm,0.7719341998615217,0.21315998762434982,0.07318898265710953,0.6638143420201188,0.010706422585008944,0.022273992390075808
pooled,0.1,30,45970,51172,271,43,lightgbm,0.7673814813234845,0.24301725552681389,0.06742807447162434,0.695374069623143,0.118619387564322,0.019667461220885977
pooled,0.1,30,45453,51172,271,44,lightgbm,0.7848172467524639,0.23159373999491828,0.0681041967471534,0.7948799229086305,0.18647689033578319,0.01866970497880778
pooled,0.1,30,45825,51172,271,45,lightgbm,0.7775970657292829,0.25160298802161774,0.06719238990341085,0.7431322850924003,0.1222488303683107,0.019528221997050954
pooled,0.25,74,112749,51172,271,42,lightgbm,0.803876297139757,0.2740594411067576,0.06518609602855657,0.808436238546245,0.16935686860337987,0.018678053653964004
pooled,0.25,74,115935,51172,271,43,lightgbm,0.7972418837271287,0.2724234717219332,0.06565793460053036,0.805407320878819,0.17273675086617143,0.01864455057698016
pooled,0.25,74,113373,51172,271,44,lightgbm,0.8095955679182092,0.2564275799632829,0.06464350189673905,0.8131964625370119,0.06667819767673762,0.019706939024304378
pooled,0.25,74,109846,51172,271,45,lightgbm,0.7929863088351772,0.26598866065766735,0.06595209882063308,0.7774958751074993,0.15074603924980223,0.019071202604659464
pooled,0.5,148,227806,51172,271,42,lightgbm,0.8096811293427435,0.2742992201121076,0.06425743156660996,0.8456486796142071,0.1795114233345514,0.01814933321872128
pooled,0.5,148,228776,51172,271,43,lightgbm,0.815630613829084,0.2802743024001165,0.0637385871400833,0.8360109698329594,0.15135267517153292,0.018736304720264243
pooled,0.5,148,228676,51172,271,44,lightgbm,0.8137171857048736,0.2854680458433955,0.0635626612253108,0.8458943523288485,0.19130442942277973,0.018364859871766556
pooled,0.5,148,228207,51172,271,45,lightgbm,0.8164156763600227,0.2704788731017908,0.06432953201031548,0.81868866235829,0.1359465354292538,0.019374538428171672
pooled,0.75,221,343788,51172,271,42,lightgbm,0.8175462660641879,0.2967115678725681,0.06288109200820395,0.8555438835337654,0.16457406054921891,0.018703536155592698
pooled,0.75,221,340919,51172,271,43,lightgbm,0.8217030199415242,0.2802950962569627,0.06354830130978475,0.8506783312183629,0.15848563945343838,0.018273813159871567
pooled,0.75,221,341407,51172,271,44,lightgbm,0.8200289207337816,0.29140855482054023,0.06300070310551384,0.851027091229456,0.19388827248529733,0.017835116929767365
pooled,0.75,221,341381,51172,271,45,lightgbm,0.8178491219076502,0.28808302333065444,0.06334211223937636,0.8533287392255566,0.1733326271464652,0.017931085141374883
pooled,1.0,295,459240,51172,271,42,lightgbm,0.8230742511521928,0.2949903974867253,0.06264452025271809,0.8531233489925177,0.15859739798701245,0.018339990468248676
pooled,1.0,295,457371,51172,271,43,lightgbm,0.8216789314836509,0.2928532751997787,0.06269686342364551,0.8642610909885455,0.16887411908851818,0.018184458999814503
pooled,1.0,295,455306,51172,271,44,lightgbm,0.827124138324141,0.2974466003182381,0.06237338210939238,0.8542287361441429,0.14352372777265815,0.01831172889234226
pooled,1.0,295,454798,51172,271,45,lightgbm,0.8267018003266163,0.28827354551127793,0.06272157981786426,0.8520776852419891,0.18460105729505602,0.018238711371250535
