strategy,comparison,metric,point_diff,ci_lo,ci_hi,excludes_zero,n_boot
pooled,P-VAEP - E-VAEP,score_auc,0.003444856087263859,-0.0030183880102071375,0.009013607819564614,False,1000
pooled,P-VAEP - E-VAEP,score_ap,-0.001300592491937369,-0.007663200638514636,0.005307829778999172,False,1000
pooled,P-VAEP - E-VAEP,score_brier,5.623684289298575e-06,-4.873133819335079e-05,5.6780657109517036e-05,False,1000
pooled,P-VAEP - E-VAEP,score_logloss,-0.00015290199803448534,-0.000580515424907193,0.00023612967968261741,False,1000
pooled,P-VAEP - E-VAEP,score_ece,-5.5147443288368434e-05,-0.00033918964343843946,0.00014779374827799654,False,1000
pooled,P-VAEP - E-VAEP,score_ace,0.00013671997730745414,-0.00038590248668641006,0.00045207700484965735,False,1000
pooled,P-VAEP - E-VAEP,concede_auc,0.023065726555343447,0.008096046301132828,0.03874516400231742,True,1000
pooled,P-VAEP - E-VAEP,concede_ap,0.006015867058480451,-0.018685668304164387,0.029785746045055565,False,1000
pooled,P-VAEP - E-VAEP,concede_brier,1.2252447636778262e-05,-4.4609411991591104e-05,6.057367700655673e-05,False,1000
pooled,P-VAEP - E-VAEP,concede_logloss,-0.0002834624700662307,-0.0009233417948346548,0.0002521725134887641,False,1000
pooled,P-VAEP - E-VAEP,concede_ece,-0.00012566971796716371,-0.00043906763315876496,0.0001347030020158328,False,1000
pooled,P-VAEP - E-VAEP,concede_ace,3.0316836654662284e-05,-0.00019435091933413546,0.00043372218846871464,False,1000
pooled,PS-VAEP - P-VAEP,score_auc,-0.005136723874931137,-0.010178587866243463,-0.0002292212755944381,True,1000
pooled,PS-VAEP - P-VAEP,score_ap,0.0012324308034417086,-0.005998225936588771,0.00881516936927425,False,1000
pooled,PS-VAEP - P-VAEP,score_brier,-1.4772126201706773e-05,-7.776534804443237e-05,4.4774784549787686e-05,False,1000
pooled,PS-VAEP - P-VAEP,score_logloss,0.00010798856194869921,-0.00034717470850578763,0.0005939474882717727,False,1000
pooled,PS-VAEP - P-VAEP,score_ece,-0.00013801511468455874,-0.0003633868040301703,0.0002629459835038019,False,1000
pooled,PS-VAEP - P-VAEP,score_ace,-8.058116060220919e-06,-0.00040733323813201726,0.0004593405050780953,False,1000
pooled,PS-VAEP - P-VAEP,concede_auc,-0.009165805271458494,-0.03728984783116187,0.014912294932109223,False,1000
pooled,PS-VAEP - P-VAEP,concede_ap,0.006196070189162878,-0.027225861863089514,0.038035155141325216,False,1000
pooled,PS-VAEP - P-VAEP,concede_brier,2.6315798893781703e-07,-7.774767144552933e-05,7.295999897624693e-05,False,1000
pooled,PS-VAEP - P-VAEP,concede_logloss,0.00034892162313388334,-0.000495325165566954,0.0012887769704202994,False,1000
pooled,PS-VAEP - P-VAEP,concede_ece,0.0001874059649292208,-0.00018806090168186506,0.0005813141819766034,False,1000
pooled,PS-VAEP - P-VAEP,concede_ace,0.00019572125844526578,-0.000269926707299923,0.0005858820266377968,False,1000
pooled,PS-VAEP - E-VAEP,score_auc,-0.0016918677876672783,-0.010523680131289242,0.006061461257878196,False,1000
pooled,PS-VAEP - E-VAEP,score_ap,-6.81616884956604e-05,-0.006756879266970908,0.00636676846595792,False,1000
pooled,PS-VAEP - E-VAEP,score_brier,-9.148441912408198e-06,-9.144988665425818e-05,5.8101937735829456e-05,False,1000
pooled,PS-VAEP - E-VAEP,score_logloss,-4.491343608578613e-05,-0.0005718809983712703,0.00042739177964363687,False,1000
pooled,PS-VAEP - E-VAEP,score_ece,-0.00019316255797292717,-0.0005050640278389444,0.0002239888537535563,False,1000
pooled,PS-VAEP - E-VAEP,score_ace,0.00012866186124723322,-0.0004468343284278764,0.0006250543642548048,False,1000
pooled,PS-VAEP - E-VAEP,concede_auc,0.013899921283884953,-0.005135494791721995,0.033924532392811124,False,1000
pooled,PS-VAEP - E-VAEP,concede_ap,0.012211937247643329,-0.021052025099817927,0.042296018146260626,False,1000
pooled,PS-VAEP - E-VAEP,concede_brier,1.2515605625716079e-05,-5.217491864566203e-05,7.960697579898912e-05,False,1000
pooled,PS-VAEP - E-VAEP,concede_logloss,6.545915306765265e-05,-0.0004996733222758958,0.0006180585348701774,False,1000
pooled,PS-VAEP - E-VAEP,concede_ece,6.17362469620571e-05,-0.0001620358547525145,0.0002708248021211406,False,1000
pooled,PS-VAEP - E-VAEP,concede_ace,0.00022603809509992806,-0.0002303953563702305,0.0006646033130203742,False,1000
men_only,P-VAEP - E-VAEP,score_auc,0.006304151175369865,0.0011156828610744602,0.01211286131192944,True,1000
men_only,P-VAEP - E-VAEP,score_ap,-0.001252156022298001,-0.009472241319803352,0.006879264898295981,False,1000
men_only,P-VAEP - E-VAEP,score_brier,1.4255791435604029e-05,-4.16881069596909e-05,6.969655866234858e-05,False,1000
men_only,P-VAEP - E-VAEP,score_logloss,-0.0002507821797889942,-0.0007515783609308232,0.00018369129326297018,False,1000
men_only,P-VAEP - E-VAEP,score_ece,-0.0002642103616374942,-0.0005381513639027207,0.00021407152114658566,False,1000
men_only,P-VAEP - E-VAEP,score_ace,-0.00041836390582704244,-0.0007682190973578736,0.00019231319383632029,False,1000
men_only,P-VAEP - E-VAEP,concede_auc,-0.0013625451357083262,-0.021135712779285505,0.015389456990141225,False,1000
men_only,P-VAEP - E-VAEP,concede_ap,0.003647067792192704,-0.01123021041892105,0.024152006011826658,False,1000
men_only,P-VAEP - E-VAEP,concede_brier,-1.925159782589043e-05,-6.68768282518089e-05,2.8507021653212274e-05,False,1000
men_only,P-VAEP - E-VAEP,concede_logloss,-5.264127673908908e-05,-0.0005100174391187196,0.0004645064505514039,False,1000
men_only,P-VAEP - E-VAEP,concede_ece,3.2947420160855294e-05,-0.0001297787934692417,0.00022498536034789958,False,1000
men_only,P-VAEP - E-VAEP,concede_ace,-1.4080171757654405e-05,-0.0003770129258857597,0.00045353732191389913,False,1000
men_only,PS-VAEP - P-VAEP,score_auc,-0.00963935738022581,-0.016532824280570353,-0.0031515431670580225,True,1000
men_only,PS-VAEP - P-VAEP,score_ap,0.0007250090998927594,-0.009067554306527706,0.011159375339926909,False,1000
men_only,PS-VAEP - P-VAEP,score_brier,-6.297031214280366e-05,-0.00012834634194263962,3.8024069618221035e-06,False,1000
men_only,PS-VAEP - P-VAEP,score_logloss,0.00023634009893129526,-0.0003279966138873179,0.0007595736564253605,False,1000
men_only,PS-VAEP - P-VAEP,score_ece,0.0005170752383078497,3.7726087965434803e-06,0.0008824281931868345,True,1000
men_only,PS-VAEP - P-VAEP,score_ace,4.804678127830284e-05,-0.00046556291621437394,0.00042834139687423985,False,1000
men_only,PS-VAEP - P-VAEP,concede_auc,0.007421108804719689,-0.019230262553477925,0.030871060960421737,False,1000
men_only,PS-VAEP - P-VAEP,concede_ap,0.0026043436678359067,-0.04052103981720855,0.04324072206653252,False,1000
men_only,PS-VAEP - P-VAEP,concede_brier,-1.8053163490727112e-05,-0.00011247779917906143,7.214912706482363e-05,False,1000
men_only,PS-VAEP - P-VAEP,concede_logloss,-0.0003196861409037431,-0.0007213839397555488,5.307211097172317e-05,False,1000
men_only,PS-VAEP - P-VAEP,concede_ece,9.309706516745834e-05,-9.250076569763431e-05,0.00025318921646747466,False,1000
men_only,PS-VAEP - P-VAEP,concede_ace,-0.0003330198702990259,-0.0007185640443168542,0.00016010641819075202,False,1000
men_only,PS-VAEP - E-VAEP,score_auc,-0.003335206204855945,-0.010036845382011033,0.0030212323155860725,False,1000
men_only,PS-VAEP - E-VAEP,score_ap,-0.0005271469224052416,-0.008297715720346505,0.00689715857235078,False,1000
men_only,PS-VAEP - E-VAEP,score_brier,-4.871452070719963e-05,-0.00010684878636501071,8.861918119021407e-06,False,1000
men_only,PS-VAEP - E-VAEP,score_logloss,-1.4442080857698936e-05,-0.0004798366302941552,0.0004069974363693656,False,1000
men_only,PS-VAEP - E-VAEP,score_ece,0.00025286487667035545,-0.00023981830138062078,0.0007664754949786851,False,1000
men_only,PS-VAEP - E-VAEP,score_ace,-0.0003703171245487396,-0.0007426817319522095,0.0001054666225520446,False,1000
men_only,PS-VAEP - E-VAEP,concede_auc,0.006058563669011363,-0.01829442830219036,0.02472098374934101,False,1000
men_only,PS-VAEP - E-VAEP,concede_ap,0.006251411460028611,-0.03214106440237603,0.047498217673046586,False,1000
men_only,PS-VAEP - E-VAEP,concede_brier,-3.7304761316617543e-05,-0.0001337977360620221,5.3699481899451864e-05,False,1000
men_only,PS-VAEP - E-VAEP,concede_logloss,-0.0003723274176428322,-0.0007905155789998623,3.0603687623700857e-05,False,1000
men_only,PS-VAEP - E-VAEP,concede_ece,0.00012604448532831363,-8.472932711407237e-05,0.000321623817574493,False,1000
men_only,PS-VAEP - E-VAEP,concede_ace,-0.00034710004205668033,-0.0006071379347162697,0.00010769192779746713,False,1000
women_only,P-VAEP - E-VAEP,score_auc,-0.004648513303403767,-0.011097046941941672,0.0022444101070175047,False,1000
women_only,P-VAEP - E-VAEP,score_ap,-0.0014307365012771744,-0.008644939195145657,0.006319863059344907,False,1000
women_only,P-VAEP - E-VAEP,score_brier,-3.012597427011661e-05,-0.00011435163970228437,3.6203251913790696e-05,False,1000
women_only,P-VAEP - E-VAEP,score_logloss,0.0002864719477967126,-0.00021055923374985828,0.0008117521744996176,False,1000
women_only,P-VAEP - E-VAEP,score_ece,0.00035095597022917827,-0.00010817583212079264,0.000862673088263662,False,1000
women_only,P-VAEP - E-VAEP,score_ace,-0.00010476782405295171,-0.0007559424320828394,0.0005172906238478449,False,1000
women_only,P-VAEP - E-VAEP,concede_auc,0.016019989971398862,-0.010906358893774509,0.04647519718921998,False,1000
women_only,P-VAEP - E-VAEP,concede_ap,-0.012371217039486515,-0.034724431331519146,0.008274747375472092,False,1000
women_only,P-VAEP - E-VAEP,concede_brier,2.160691128481407e-05,-1.0410150565442804e-05,5.6036457124537784e-05,False,1000
women_only,P-VAEP - E-VAEP,concede_logloss,0.0003214466759772043,-7.10629665239129e-05,0.000809855318798486,False,1000
women_only,P-VAEP - E-VAEP,concede_ece,0.0004949642963408322,0.00028794119886915134,0.0006099376795726562,True,1000
women_only,P-VAEP - E-VAEP,concede_ace,0.00015836005088018068,-8.978636641023787e-05,0.00039454764711064006,False,1000
women_only,PS-VAEP - P-VAEP,score_auc,-0.0033892897757621387,-0.013803115436507946,0.007149892920805009,False,1000
women_only,PS-VAEP - P-VAEP,score_ap,0.004862682012477304,-0.006345939556915586,0.015578832748267085,False,1000
women_only,PS-VAEP - P-VAEP,score_brier,5.2757767099117364e-05,-4.6607553433246005e-05,0.00015859360894854575,False,1000
women_only,PS-VAEP - P-VAEP,score_logloss,0.00014294225894802282,-0.0006487722516075429,0.0008697928193504022,False,1000
women_only,PS-VAEP - P-VAEP,score_ece,0.00019511894167739598,-0.0006556635111848823,0.0007395261332922524,False,1000
women_only,PS-VAEP - P-VAEP,score_ace,0.00019543098931687833,-0.0005392837308023405,0.000663485398794858,False,1000
women_only,PS-VAEP - P-VAEP,concede_auc,-0.025300367808750446,-0.057253739801614065,0.009788857650939906,False,1000
women_only,PS-VAEP - P-VAEP,concede_ap,0.011278513254442735,-0.006811920212663484,0.03152873241789538,False,1000
women_only,PS-VAEP - P-VAEP,concede_brier,-3.850963877304872e-05,-7.947738384864522e-05,-2.2493748157162835e-06,True,1000
women_only,PS-VAEP - P-VAEP,concede_logloss,0.00023820894834892734,-0.00019693194016865326,0.0006649962441325898,False,1000
women_only,PS-VAEP - P-VAEP,concede_ece,-8.751803520358242e-05,-0.0002609107711709725,0.00013705975200245586,False,1000
women_only,PS-VAEP - P-VAEP,concede_ace,7.13614513768088e-05,-0.00016716928398780156,0.00022959186474197425,False,1000
women_only,PS-VAEP - E-VAEP,score_auc,-0.008037803079165906,-0.01867109081168016,0.0019311550922099336,False,1000
women_only,PS-VAEP - E-VAEP,score_ap,0.0034319455112001296,-0.008199935660122726,0.013813369083829321,False,1000
women_only,PS-VAEP - E-VAEP,score_brier,2.2631792829000755e-05,-6.44520869803624e-05,0.0001114902342833156,False,1000
women_only,PS-VAEP - E-VAEP,score_logloss,0.0004294142067447354,-0.00039266027220787416,0.0012665541114161433,False,1000
women_only,PS-VAEP - E-VAEP,score_ece,0.0005460749119065742,-0.00018962672559293866,0.0009720345569570684,False,1000
women_only,PS-VAEP - E-VAEP,score_ace,9.066316526392662e-05,-0.0005732968971706436,0.0005312038838056403,False,1000
women_only,PS-VAEP - E-VAEP,concede_auc,-0.009280377837351583,-0.034504068869365405,0.018686555153829453,False,1000
women_only,PS-VAEP - E-VAEP,concede_ap,-0.0010927037850437804,-0.02855855463327739,0.028586449110327254,False,1000
women_only,PS-VAEP - E-VAEP,concede_brier,-1.6902727488234646e-05,-6.122229623282689e-05,2.9533739731684165e-05,False,1000
women_only,PS-VAEP - E-VAEP,concede_logloss,0.0005596556243261316,1.4850708060344637e-05,0.0011322628695617405,True,1000
women_only,PS-VAEP - E-VAEP,concede_ece,0.00040744626113724974,0.00018410662397637978,0.0005875583643789235,True,1000
women_only,PS-VAEP - E-VAEP,concede_ace,0.00022972150225698948,-0.00011807291290881697,0.0004804181597312363,False,1000
fine_tuned,P-VAEP - E-VAEP,score_auc,0.005833757798212824,0.0011403507552342456,0.011577926388443432,True,1000
fine_tuned,P-VAEP - E-VAEP,score_ap,-0.003324926852920629,-0.012211321599760228,0.005450706314776769,False,1000
fine_tuned,P-VAEP - E-VAEP,score_brier,3.350648231781328e-05,-2.474290035359094e-05,9.336168645082125e-05,False,1000
fine_tuned,P-VAEP - E-VAEP,score_logloss,-0.00012919551781599703,-0.0006794369995768185,0.0003418882536771209,False,1000
fine_tuned,P-VAEP - E-VAEP,score_ece,-0.0003820756962398947,-0.0005979238901755301,3.596314242811618e-05,False,1000
fine_tuned,P-VAEP - E-VAEP,score_ace,-0.00023712662052491514,-0.0005871628741172038,0.00029486705290888553,False,1000
fine_tuned,P-VAEP - E-VAEP,concede_auc,-0.0008371360780325965,-0.021549750933231315,0.01727595366339475,False,1000
fine_tuned,P-VAEP - E-VAEP,concede_ap,0.0024782647491734533,-0.01160141164156093,0.023018675378643588,False,1000
fine_tuned,P-VAEP - E-VAEP,concede_brier,-3.277174922590442e-05,-8.273169133021731e-05,1.729536157336965e-05,False,1000
fine_tuned,P-VAEP - E-VAEP,concede_logloss,-0.00010588660820611343,-0.0005720938467531528,0.0003967349944730656,False,1000
fine_tuned,P-VAEP - E-VAEP,concede_ece,0.00013749338305882883,-5.1246526370254794e-05,0.0003067958254335145,False,1000
fine_tuned,P-VAEP - E-VAEP,concede_ace,3.633396062354354e-05,-0.0002741846183653617,0.00037494617115159894,False,1000
fine_tuned,PS-VAEP - P-VAEP,score_auc,-0.009428650218698209,-0.01639264541936616,-0.003316794423962964,True,1000
fine_tuned,PS-VAEP - P-VAEP,score_ap,0.0007130811151209171,-0.009234939048709045,0.011350724659026923,False,1000
fine_tuned,PS-VAEP - P-VAEP,score_brier,-6.345231623773075e-05,-0.00012868338148422077,4.116452735636996e-06,False,1000
fine_tuned,PS-VAEP - P-VAEP,score_logloss,0.00020890464795270125,-0.0003514286749834325,0.0007370085540381893,False,1000
fine_tuned,PS-VAEP - P-VAEP,score_ece,0.0005185380865122225,1.020850991374006e-05,0.000882429993870651,True,1000
fine_tuned,PS-VAEP - P-VAEP,score_ace,3.7657688013000706e-05,-0.0004707712330395912,0.0004594682995674948,False,1000
fine_tuned,PS-VAEP - P-VAEP,concede_auc,0.006740228416797556,-0.017724340582064103,0.02924628064968078,False,1000
fine_tuned,PS-VAEP - P-VAEP,concede_ap,0.007759242709645953,-0.03304081510105175,0.04403988998789472,False,1000
fine_tuned,PS-VAEP - P-VAEP,concede_brier,-2.378317139480491e-05,-0.0001086414494994536,5.376901434499128e-05,False,1000
fine_tuned,PS-VAEP - P-VAEP,concede_logloss,-0.00037621006961053097,-0.000773493971354187,-3.4066019076584745e-06,True,1000
fine_tuned,PS-VAEP - P-VAEP,concede_ece,3.415438981747929e-05,-0.00016735988915921924,0.00031673172868280344,False,1000
fine_tuned,PS-VAEP - P-VAEP,concede_ace,-0.00045349576758902006,-0.0007263359202298557,1.3415533591984099e-05,False,1000
fine_tuned,PS-VAEP - E-VAEP,score_auc,-0.003594892420485385,-0.009752130193970764,0.0023094609312189316,False,1000
fine_tuned,PS-VAEP - E-VAEP,score_ap,-0.0026118457377997117,-0.011926879663385098,0.005549250394972172,False,1000
fine_tuned,PS-VAEP - E-VAEP,score_brier,-2.9945833919917467e-05,-9.64658052985404e-05,3.860167778535795e-05,False,1000
fine_tuned,PS-VAEP - E-VAEP,score_logloss,7.970913013670422e-05,-0.00040907040665849934,0.0005468996699447617,False,1000
fine_tuned,PS-VAEP - E-VAEP,score_ece,0.00013646239027232786,-0.00030284568437144395,0.0006022663274815791,False,1000
fine_tuned,PS-VAEP - E-VAEP,score_ace,-0.00019946893251191443,-0.0005852485024620792,0.00026330012131302853,False,1000
fine_tuned,PS-VAEP - E-VAEP,concede_auc,0.005903092338764959,-0.019793625385834877,0.031882035856356454,False,1000
fine_tuned,PS-VAEP - E-VAEP,concede_ap,0.010237507458819406,-0.01930337824427363,0.04332962901831396,False,1000
fine_tuned,PS-VAEP - E-VAEP,concede_brier,-5.655492062070933e-05,-0.00014522550498113825,2.401046151421528e-05,False,1000
fine_tuned,PS-VAEP - E-VAEP,concede_logloss,-0.0004820966778166444,-0.0009156780351871229,-5.2700820621731016e-05,True,1000
fine_tuned,PS-VAEP - E-VAEP,concede_ece,0.00017164777287630812,-6.0543820723990884e-05,0.0004204496609754172,False,1000
fine_tuned,PS-VAEP - E-VAEP,concede_ace,-0.0004171618069654765,-0.0006260467424202922,-3.889706716281058e-05,True,1000
