model_id,paper_name,head,n_bins,binning,ece
model_A,E-VAEP,score,5,equal_width,0.0036750867579216752
model_A,E-VAEP,score,5,adaptive,0.00365123619052185
model_A,E-VAEP,score,10,equal_width,0.0036850551411170005
model_A,E-VAEP,score,10,adaptive,0.0036512361905218496
model_A,E-VAEP,score,15,equal_width,0.003754233201266965
model_A,E-VAEP,score,15,adaptive,0.0036588539981862616
model_A,E-VAEP,score,20,equal_width,0.0037250987251089807
model_A,E-VAEP,score,20,adaptive,0.003759437076428655
model_A,E-VAEP,score,30,equal_width,0.0038032841265300283
model_A,E-VAEP,score,30,adaptive,0.0038922888238829643
model_A,E-VAEP,score,50,equal_width,0.0038509750307927095
model_A,E-VAEP,score,50,adaptive,0.004075576365709207
model_A,E-VAEP,concede,5,equal_width,0.0010752703277863097
model_A,E-VAEP,concede,5,adaptive,0.0008149876318332384
model_A,E-VAEP,concede,10,equal_width,0.001208649199472926
model_A,E-VAEP,concede,10,adaptive,0.000952135350031783
model_A,E-VAEP,concede,15,equal_width,0.0013984755926311793
model_A,E-VAEP,concede,15,adaptive,0.0009132295188600501
model_A,E-VAEP,concede,20,equal_width,0.001423336140405478
model_A,E-VAEP,concede,20,adaptive,0.0010574567088983578
model_A,E-VAEP,concede,30,equal_width,0.0014448081220560516
model_A,E-VAEP,concede,30,adaptive,0.001110847114635693
model_A,E-VAEP,concede,50,equal_width,0.001569401027126088
model_A,E-VAEP,concede,50,adaptive,0.0013403804903061077
model_B,P-VAEP,score,5,equal_width,0.003643197500071446
model_B,P-VAEP,score,5,adaptive,0.0035834210788290052
model_B,P-VAEP,score,10,equal_width,0.0038499948966913
model_B,P-VAEP,score,10,adaptive,0.003583421078829005
model_B,P-VAEP,score,15,equal_width,0.003819765544641794
model_B,P-VAEP,score,15,adaptive,0.003606110273317494
model_B,P-VAEP,score,20,equal_width,0.003855227952549862
model_B,P-VAEP,score,20,adaptive,0.0035973371766676084
model_B,P-VAEP,score,30,equal_width,0.0038499948966912983
model_B,P-VAEP,score,30,adaptive,0.0036692417192024642
model_B,P-VAEP,score,50,equal_width,0.004053874778453041
model_B,P-VAEP,score,50,adaptive,0.003993052743570675
model_B,P-VAEP,concede,5,equal_width,0.0010427701781940502
model_B,P-VAEP,concede,5,adaptive,0.0008811341337964652
model_B,P-VAEP,concede,10,equal_width,0.0011285817579807077
model_B,P-VAEP,concede,10,adaptive,0.000971742051329591
model_B,P-VAEP,concede,15,equal_width,0.0011739963454748081
model_B,P-VAEP,concede,15,adaptive,0.0010087326770427199
model_B,P-VAEP,concede,20,equal_width,0.0011936389759568435
model_B,P-VAEP,concede,20,adaptive,0.000996513560554113
model_B,P-VAEP,concede,30,equal_width,0.0012680840984542593
model_B,P-VAEP,concede,30,adaptive,0.0010802415665399601
model_B,P-VAEP,concede,50,equal_width,0.0013248275871029032
model_B,P-VAEP,concede,50,adaptive,0.0013174513110922438
model_ES,ES-VAEP,score,5,equal_width,0.0035426124107882876
model_ES,ES-VAEP,score,5,adaptive,0.0035868448590035983
model_ES,ES-VAEP,score,10,equal_width,0.0036313983200277748
model_ES,ES-VAEP,score,10,adaptive,0.003894512717738735
model_ES,ES-VAEP,score,15,equal_width,0.003678034440924492
model_ES,ES-VAEP,score,15,adaptive,0.003977454326454471
model_ES,ES-VAEP,score,20,equal_width,0.0036439434203748553
model_ES,ES-VAEP,score,20,adaptive,0.003922239725277961
model_ES,ES-VAEP,score,30,equal_width,0.0038269522720958547
model_ES,ES-VAEP,score,30,adaptive,0.0040987921292119575
model_ES,ES-VAEP,score,50,equal_width,0.003780487543350396
model_ES,ES-VAEP,score,50,adaptive,0.004245205055944034
model_ES,ES-VAEP,concede,5,equal_width,0.000996308018004941
model_ES,ES-VAEP,concede,5,adaptive,0.0005049246966388858
model_ES,ES-VAEP,concede,10,equal_width,0.0011267557187873247
model_ES,ES-VAEP,concede,10,adaptive,0.0006028554613913097
model_ES,ES-VAEP,concede,15,equal_width,0.0011102928209200255
model_ES,ES-VAEP,concede,15,adaptive,0.0009523398977551081
model_ES,ES-VAEP,concede,20,equal_width,0.0011864043808286996
model_ES,ES-VAEP,concede,20,adaptive,0.0012563499992612422
model_ES,ES-VAEP,concede,30,equal_width,0.0013481130135206932
model_ES,ES-VAEP,concede,30,adaptive,0.0014395858803239402
model_ES,ES-VAEP,concede,50,equal_width,0.0013936749843486216
model_ES,ES-VAEP,concede,50,adaptive,0.0017050691176060506
model_C,PS-VAEP,score,5,equal_width,0.003703942353210391
model_C,PS-VAEP,score,5,adaptive,0.003518054249510149
model_C,PS-VAEP,score,10,equal_width,0.003863065862324914
model_C,PS-VAEP,score,10,adaptive,0.003533877486067179
model_C,PS-VAEP,score,15,equal_width,0.0038943912923384344
model_C,PS-VAEP,score,15,adaptive,0.003758895064480304
model_C,PS-VAEP,score,20,equal_width,0.003897535277324262
model_C,PS-VAEP,score,20,adaptive,0.003719781480718786
model_C,PS-VAEP,score,30,equal_width,0.003928625198275343
model_C,PS-VAEP,score,30,adaptive,0.0039015044614403496
model_C,PS-VAEP,score,50,equal_width,0.0039774500435115845
model_C,PS-VAEP,score,50,adaptive,0.003982342792927508
model_C,PS-VAEP,concede,5,equal_width,0.0007608265234422283
model_C,PS-VAEP,concede,5,adaptive,0.0007393971119233115
model_C,PS-VAEP,concede,10,equal_width,0.0009409910821528541
model_C,PS-VAEP,concede,10,adaptive,0.0008056469311197288
model_C,PS-VAEP,concede,15,equal_width,0.0011245478259363964
model_C,PS-VAEP,concede,15,adaptive,0.000860458900333037
model_C,PS-VAEP,concede,20,equal_width,0.0011699344753610611
model_C,PS-VAEP,concede,20,adaptive,0.0009605066017598479
model_C,PS-VAEP,concede,30,equal_width,0.0012983083055683822
model_C,PS-VAEP,concede,30,adaptive,0.0011384982824909193
model_C,PS-VAEP,concede,50,equal_width,0.001421396846735237
model_C,PS-VAEP,concede,50,adaptive,0.0014535633346025249
