stratification,level,n_actions,share_pct,mean_delta_vaep,mean_delta_off,mean_delta_def,ci_lo,ci_hi,concede_auc_model_B,concede_ap_model_B,concede_auc_model_C,concede_ap_model_C
opp_dist,<2m,15565,30.41702493551161,-0.0012841909287137775,-0.0016528158945204067,0.0003686249658066295,-0.002188907038111455,-0.0004077083098848268,0.837485383350433,0.09725050966849644,0.831720126230512,0.09167351322957276
opp_dist,2-5m,16855,32.93793480809818,-0.001371389079483979,-0.0014363095391586164,6.492045967463716e-05,-0.0019254994096177635,-0.0008135688324522142,0.8437056277056277,0.10198160455836931,0.8289301948051947,0.1030517348974489
opp_dist,5-10m,11779,23.018447588524975,-0.0018787075536674358,-0.0014040490176866968,-0.00047465853598073916,-0.002860855492325994,-0.0009525692569542066,0.9073239054077071,0.42799006337283685,0.8999825067786233,0.3413073682824023
opp_dist,>10m,6899,13.481982334088954,-0.001639229793206305,-0.0017853889926069556,0.00014615919940065065,-0.002823244433012879,-0.00045840169280961636,0.8917720598924262,0.3498633651116034,0.8245021078645152,0.29244560124811403
density_5m,0,18752,36.64504025639021,-0.0017804840522591655,-0.0015379678551660587,-0.00024251619709310718,-0.002576854681755186,-0.0011076879137470077,0.902202014798966,0.40091922564628113,0.8764459959741557,0.32235342826202384
density_5m,1,21261,41.548112248886106,-0.0016580440804478782,-0.001777351502464164,0.00011930742201628567,-0.00233416046591771,-0.0010848877252947599,0.8438860327119692,0.06597514596738804,0.8224393499574487,0.07718323381239933
density_5m,2,8499,16.608692253576173,-0.0012391706116205007,-0.0015455951155715125,0.00030642450395101185,-0.0025110449183239395,-0.00014903410003507575,0.8389647495742454,0.18198117598644212,0.8329015942712928,0.18380141594448
density_5m,3+,2660,5.198155241147503,0.0010075907828693833,0.0003718821430091218,0.0006357086398602617,-0.0003374384002850291,0.00229381888666537,0.8212935968038009,0.17711562288330426,0.8770381168340352,0.09401680922343991
type,bad_touch,817,1.5965762526381615,-0.0016594471042426446,-0.001427493735020649,-0.00023195336922199558,-0.004226137471395246,0.0007674678714759881,0.55,0.009281608457352153,0.6729064039408866,0.01223026716663667
type,clearance,1172,2.290315016024388,0.00028274440338366976,-0.0025334170042366055,0.0028161614076202754,-0.0036621874732259193,0.004069821226286081,0.760374001903107,0.08014149824608338,0.6811054569525464,0.04041874582531526
type,corner_crossed,169,0.33025873524583754,0.002869158211481734,0.0011605029085671955,0.0017086553029145367,-0.006485021818783048,0.012505545867531812,,,,
type,cross,614,1.1998749316032205,-0.0008093825586705851,-0.0008918804761612196,8.249791749063375e-05,-0.006523828757258183,0.004484307458961392,0.6356209150326798,0.25223713646532436,0.6658496732026145,0.07389162561576354
type,dribble,20835,40.71562573282264,-0.0002642860238120691,-0.00035180246015291107,8.751643634084191e-05,-0.0007095451407295383,0.00012909121948350365,0.8068646309208944,0.05104106561449161,0.7856341668670355,0.02708255293282085
type,foul,605,1.1822871883061048,0.008520730044250215,-0.00012883670249720625,0.008649566746747422,0.0038087530755585865,0.013574584387175933,0.9463087248322148,0.5195344796709319,0.9133109619686801,0.41753668197081106
type,freekick_crossed,181,0.35370905964199173,-0.00845977434548145,-0.0041743050077467075,-0.004285469337734742,-0.02221816943180051,0.0022591206205191485,,,,
type,freekick_short,150,0.2931290549519268,-0.0016039680051041544,-0.0010451173197393016,-0.0005588506853648531,-0.002779041501008549,-0.0005694601891469304,,,,
type,goalkick,140,0.2735871179551317,-0.001901400956296388,-0.0013572294869379957,-0.0005441714693583923,-0.0033948749458409316,-0.00036552155745446426,0.5724637681159421,0.024603608529250955,0.6231884057971014,0.031018518518518518
type,interception,611,1.194012350504182,0.0004852276777371213,2.8150550065082177e-05,0.0004570771276720388,-0.0007952257183658017,0.0018271891500019305,0.8960396039603961,0.04533681473190786,0.7541254125412542,0.2677189298301305
type,keeper_claim,202,0.39474712733526146,-0.013528890232950307,-0.013570844832071263,4.195459912095783e-05,-0.03155205409351993,-0.0008842259170912198,0.9751243781094527,0.16666666666666666,0.3731343283582089,0.007874015748031496
type,keeper_save,178,0.3478464785429532,0.0015694369044852831,-0.0001383229156738166,0.0017077598201590983,-0.00957506630129882,0.014024813059987574,0.8571428571428571,0.08923829489867224,0.8057142857142857,0.053990127519539285
type,pass,22071,43.131009145626514,-0.0025871478839718538,-0.00259537501432438,8.227130352525665e-06,-0.003184802258402186,-0.002025931847205812,0.843401720361169,0.03691331715349355,0.8268971167031753,0.04251057156569618
type,shot,822,1.606347221136559,0.0010066977266448614,0.00039133929758533245,0.0006153584290595288,-0.004545336823528686,0.006880298937702401,0.8514448514448514,0.5027322404371585,0.9352869352869353,0.50625
type,tackle,1035,2.0225904791682954,-0.0035594287785609964,-0.001375483640468683,-0.0021839451380923133,-0.007898868462787466,-4.878249694753462e-05,0.858254585881045,0.06469185824806975,0.7968315730961645,0.2796521856262491
type,take_on,770,1.5047291487532244,0.0002010937519589013,-0.0005622259465303334,0.000763319698489234,-0.003833219887692151,0.0036828144829082737,0.701171875,0.009014423076923076,0.7486979166666666,0.033930965147453085
type,throw_in,681,1.330805909481748,-0.00886849867430283,-0.008387963095189627,-0.000480535579113205,-0.01771823369612982,-0.002181913655256635,0.44256259204712817,0.004772256728778468,0.5092047128129602,0.008179847134315937
zone,final_third,11316,22.11365590557336,-0.001963144788995285,-0.0020268222115646427,6.367742256935756e-05,-0.0026066689869450065,-0.0013620184522425227,0.8203667164715254,0.011650691385675201,0.7869592832265219,0.025357829787245385
zone,middle_third,20516,40.09223794262487,-0.0015618037144964206,-0.0016773299341553546,0.00011552621965893405,-0.001957031792778596,-0.0011945045983659459,0.8101760141898822,0.03631556000876882,0.7626685477410611,0.007520796069843942
zone,own_third,15717,30.714062377862895,-0.0012807583208120112,-0.0012687697939748794,-1.1988526837131605e-05,-0.0021515288378630196,-0.0006189812668554905,0.8688080958921611,0.16612639997436374,0.8743127315849998,0.18750299602600498
zone,penalty_area,3623,7.080043773938873,-0.0005808009166477229,-0.0004102053474199856,-0.00017059556922773683,-0.002551448612774475,0.0011691681583037802,0.8350232704588167,0.36406406033604805,0.8236733870570987,0.26527321078417415
lane,central,13212,25.818807160165715,-0.0016762011700842798,-0.0016489774357364292,-2.7223734347850598e-05,-0.0026383280309848203,-0.0008089373135464886,0.8921874567066581,0.3351323467837058,0.8777335416031697,0.2702477223686682
lane,half_space,16636,32.50996638786837,-0.0008195886162097282,-0.000797911609322832,-2.1677006886896153e-05,-0.001373706526768485,-0.0003530895677357338,0.8297861738292712,0.06662579120860168,0.8029210237178611,0.059996312986146695
lane,wide,21324,41.67122645196592,-0.0019091251927254617,-0.0020500235643949637,0.00014089837166950188,-0.002502170416575867,-0.0013345895067019048,0.8226842945944208,0.03182617785893397,0.8146829890662011,0.059169985917413216
outcome,fail,8415,16.444539982803096,-0.0018991887905282577,-0.001977097637613466,7.79088470852085e-05,-0.0033749961509813354,-0.0007415407245494162,0.7961116792653884,0.19833008465663315,0.8238804182251178,0.2043864895378932
outcome,offside,76,0.14851872117564294,-0.013272684868424955,-0.01240534707503731,-0.0008673377933876427,-0.037933873571155435,0.0002336620491460749,,,,
outcome,success,42627,83.30141483623856,-0.0013799777403000729,-0.0014343369071471576,5.435916684708439e-05,-0.0017809564775405449,-0.0010321279851043539,0.8646802933777893,0.15949896523168522,0.8344510570359684,0.14365308035508664
visibility,Q1_low,16507,32.257875400609706,-0.001972266858879316,-0.001848314734675012,-0.00012395212420430467,-0.002685719638034804,-0.0012459647790212145,0.8557218470523817,0.28112127477806287,0.8558752466126074,0.25368927419699294
visibility,Q2,11650,22.766356601266317,-0.0021005452823078664,-0.0022523706402849527,0.00015182535797708644,-0.0030742154145075233,-0.0012387645046862898,0.8908521519278285,0.12002834890851838,0.8582329555249095,0.06885689710276868
visibility,Q3,13072,25.545220042210584,-0.0008641381627992676,-0.0009959141474919525,0.00013177598469268483,-0.001460951127338346,-0.00029639011942537746,0.8035518078446402,0.11220221450492544,0.7926791874281334,0.10473293925231505
visibility,Q4_high,9943,19.43054795591339,-0.0008214076280374877,-0.0009057840571444852,8.437642910699749e-05,-0.0015745675688280788,-0.00015791738908756895,0.885307172399879,0.14047453341104835,0.856905074145062,0.13649120583593216
